Field	Purpose	Comment
cell	Unique identifier for each cell (used as the index of MappingSummary.csv.gz).	
InputReadPairs	Number of read pairs that entered Cutadapt (raw demultiplexed reads before trimming and filtering).	Source: cutadapt `in_reads`.
InputReadPairsBP	Total base pairs in the input read pairs, summed over R1 and R2.	Source: cutadapt `in_bp`.
TrimmedReadPairs	Number of read pairs that survived Cutadapt adapter trimming and length/quality filtering, i.e. read pairs written to the trimmed fastq.	Source: cutadapt `out_reads`.
R1WithAdapters	Number of R1 reads in which Cutadapt detected and trimmed adapter sequence.	Source: cutadapt `w/adapters`.
R1QualTrimBP	Number of R1 bases trimmed off due to low base quality.	Source: cutadapt `qualtrim_bp`.
R1TrimmedReadsBP	Total R1 base pairs remaining after adapter + quality trimming.	Source: cutadapt `out_bp`.
R2WithAdapters	Number of R2 reads in which Cutadapt detected and trimmed adapter sequence.	Source: cutadapt `w/adapters2`.
R2QualTrimBP	Number of R2 bases trimmed off due to low base quality.	Source: cutadapt `qualtrim2_bp`.
R2TrimmedReadsBP	Total R2 base pairs remaining after adapter + quality trimming.	Source: cutadapt `out2_bp`.
UniqueMappedReads	Number of uniquely mapped reads from the initial paired-end hisat-3n alignment of trimmed reads.	= 2 x (concordantly 1 time pairs) + 2 x (discordantly 1 time pairs) + (unpaired Aligned 1 time reads). Parsed from `*.hisat3n_dna_summary.txt`.
UniqueMappingRate	Percent of uniquely mapped reads in the paired-end hisat-3n run, relative to total input reads (read pairs x 2).	100 x UniqueMappedReads / total_reads. total_reads = read pairs x 2; the SE 'Total unpaired reads' are mates of pairs that failed PE mapping, i.e. a subset of read pairs x 2, so they are NOT added to the denominator. Note: the same cell_parser_hisat_summary formula is used for the mc and mct pipelines too, on both the DNA (`*.hisat3n_dna_summary.txt`) and RNA (`*.hisat3n_rna_summary.txt`) paired-end summaries, not only snm3C.
MultiMappedReads	Number of multi-mapped reads in the paired-end hisat-3n run.	= 2 x (concordantly >1 times pairs) + (unpaired Aligned >1 times reads).
MultiMappingRate	Percent of multi-mapped reads in the paired-end hisat-3n run, relative to total input reads.	100 x MultiMappedReads / total_reads.
OverallMappingRate	Overall mapped percentage in the paired-end hisat-3n run.	= UniqueMappingRate + MultiMappingRate.
R1UniqueMappedReads	Number of uniquely mapped R1 reads in the single-end re-alignment of split reads. R1 mates of read pairs that failed paired-end mapping are split at putative ligation (cut) sites and re-aligned with hisat-3n in single-end mode.	Source: `*.hisat3n_dna_split_reads_summary.R1.txt`, hisat-3n "Aligned 1 time".
R1UniqueMappingRate	Percent of uniquely mapped R1 split-reads in the SE re-alignment, relative to all R1 split-reads input to that step.	
R1MultiMappedReads	Number of multi-mapped R1 split-reads in the SE re-alignment.	hisat-3n "Aligned >1 times".
R1MultiMappingRate	Percent of multi-mapped R1 split-reads in the SE re-alignment.	
R1OverallMappingRate	Overall mapped percentage for R1 split-reads in the SE re-alignment.	= R1UniqueMappingRate + R1MultiMappingRate.
R2UniqueMappedReads	Number of uniquely mapped R2 reads in the single-end re-alignment of split reads (analogous to R1UniqueMappedReads).	Source: `*.hisat3n_dna_split_reads_summary.R2.txt`.
R2UniqueMappingRate	Percent of uniquely mapped R2 split-reads in the SE re-alignment.	
R2MultiMappedReads	Number of multi-mapped R2 split-reads in the SE re-alignment.	
R2MultiMappingRate	Percent of multi-mapped R2 split-reads in the SE re-alignment.	
R2OverallMappingRate	Overall mapped percentage for R2 split-reads in the SE re-alignment.	= R2UniqueMappingRate + R2MultiMappingRate.
UniqueAlignFinalReads	Number of reads remaining after merging PE + R1-SE + R2-SE alignments and removing PCR duplicates with Picard MarkDuplicates.	= UNPAIRED_READS_EXAMINED - UNPAIRED_READ_DUPLICATES + 2 x (READ_PAIRS_EXAMINED - READ_PAIR_DUPLICATES). Source: `*.all_reads.deduped.matrix.txt`.
UniqueAlignDuplicatedReads	Number of reads marked as PCR duplicates by Picard (paired duplicates counted as 2 plus unpaired duplicates).	= UNPAIRED_READ_DUPLICATES + 2 x READ_PAIR_DUPLICATES.
UniqueAlignPCRDuplicationRate	Integer percent PCR duplication rate from Picard.	= int( 100 x DuplicatedReads / (FinalReads + DuplicatedReads) ).
CisContacts	Number of non-split read pairs where both mates map to the same chromosome (cis contact from one ligation junction).	Source: chromatin_contacts `cis`.
CisCutContacts	Number of read pairs that were split from a single read at a putative ligation (enzyme cut) site, with both resulting fragments mapping to the same chromosome.	Source: chromatin_contacts `ciscut`.
CisMultiContacts	Cis contacts coming from a read pair that yields multiple contacts (multi-way / multi-junction read), without split-at-cut-site.	Source: chromatin_contacts `cis_multi`.
CisCutMultiContacts	Cis contacts coming from a read pair that was split at the cut site AND yields multiple contacts.	Source: chromatin_contacts `ciscut_multi`.
TransContacts	Number of non-split read pairs whose two mates map to different chromosomes (trans contact from one ligation junction).	Source: chromatin_contacts `trans`.
TransCutContacts	Read pairs split at the ligation cut site whose resulting fragments map to different chromosomes.	Source: chromatin_contacts `transcut`.
TransMultiContacts	Trans contacts coming from a multi-junction read pair (non-cut).	Source: chromatin_contacts `trans_multi`.
TransCutMultiContacts	Trans contacts coming from a read pair split at the cut site AND yielding multiple contacts.	Source: chromatin_contacts `transcut_multi`.
ChimericContacts	Reads split at locations OTHER than a recognized ligation cut site; likely artifactual chimeras from library prep rather than real chromatin contacts.	Source: chromatin_contacts `chimeric`.
NoContacts	Read pairs that did not yield a usable chromatin contact.	Source: chromatin_contacts `no`.
MappedFragments	Total mapped fragments going into chromatin-contact calling, before contact-level deduplication.	Source: chromatin_contacts `mapped_frag`.
DeduppedContacts	Total unique chromatin contacts remaining after contact-level deduplication.	Source: chromatin_contacts `dedup_frag`.
ContactsDeduplicationRate	Duplication rate of chromatin contacts.	= (MappedFragments - DeduppedContacts) / (MappedFragments + 1e-5). Source: chromatin_contacts `dup_rate`.
TotalCisContacts	Sum of all cis contact categories.	= CisContacts + CisCutContacts + CisMultiContacts + CisCutMultiContacts.
TotalTransContacts	Sum of all trans contact categories.	= TransContacts + TransCutContacts + TransMultiContacts + TransCutMultiContacts.
TotalMultiContacts	Sum of all multi-junction contact categories (cis and trans, with and without cut).	= CisMultiContacts + CisCutMultiContacts + TransMultiContacts + TransCutMultiContacts.
CisContactsRatio	Fraction of mapped fragments that became cis contacts.	= TotalCisContacts / (MappedFragments + 1e-5).
TransContactsRatio	Fraction of mapped fragments that became trans contacts.	= TotalTransContacts / (MappedFragments + 1e-5).
MultiContactsRatio	Fraction of mapped fragments that became multi-junction contacts.	= TotalMultiContacts / (MappedFragments + 1e-5).
mCCCmC	Number of methylated cytosine basecalls in CCC trinucleotide context, aggregated from the cell's ALLC file.	CCC is used as a proxy for the bisulfite non-conversion rate.
mCGmC	Number of methylated cytosine basecalls in CG (CpG) context, aggregated from the cell's ALLC file.	
mCHmC	Number of methylated cytosine basecalls in CH context (CA/CC/CT), aggregated from the cell's ALLC file.	
mCCCCov	Total cytosine basecall coverage in CCC context.	
mCGCov	Total cytosine basecall coverage in CG context.	
mCHCov	Total cytosine basecall coverage in CH context.	
mCCCFrac	Fraction of methylated cytosines in CCC context; estimate of bisulfite non-conversion rate.	= mCCCmC / (mCCCCov + 1e-5).
mCGFrac	Global mCG methylation level.	= mCGmC / (mCGCov + 1e-5).
mCHFrac	Global mCH methylation level.	= mCHmC / (mCHCov + 1e-5).
